{
  "interactionModel": {
    "dialog": {
      "intents": [
        {
          "slots": [
            {
              "name": "addName",
              "elicitationRequired": true,
              "type": "AMAZON.SearchQuery",
              "confirmationRequired": false,
              "prompts": {
                "elicitation": "Elicit.Slot.1590320045599.1577872899161"
              }
            },
            {
              "name": "addModelo",
              "elicitationRequired": true,
              "type": "AMAZON.SearchQuery",
              "confirmationRequired": false,
              "prompts": {
                "elicitation": "Elicit.Slot.1590320045599.167544577133"
              }
            },
            {
              "name": "addCor",
              "elicitationRequired": true,
              "type": "AMAZON.Color",
              "confirmationRequired": false,
              "prompts": {
                "elicitation": "Elicit.Slot.1590320045599.1068322970679"
              }
            },
            {
              "name": "addPlaca",
              "elicitationRequired": true,
              "type": "AMAZON.SearchQuery",
              "confirmationRequired": false,
              "prompts": {
                "elicitation": "Elicit.Slot.1590320045599.1358951827671"
              }
            }
          ],
          "name": "CadastraIntent",
          "confirmationRequired": true,
          "prompts": {
            "confirmation": "Confirm.Intent.1590320045599"
          }
        }
      ],
      "delegationStrategy": "ALWAYS"
    },
    "languageModel": {
      "intents": [
        {
          "name": "AMAZON.CancelIntent",
          "samples": []
        },
        {
          "name": "AMAZON.HelpIntent",
          "samples": []
        },
        {
          "name": "AMAZON.StopIntent",
          "samples": []
        },
        {
          "slots": [],
          "name": "HelloWorldIntent",
          "samples": [
            "olá",
            "como vai você",
            "diga oi mundo",
            "diga oi",
            "oi",
            "diga olá mundo",
            "diga olá"
          ]
        },
        {
          "name": "AMAZON.NavigateHomeIntent",
          "samples": []
        },
        {
          "slots": [
            {
              "name": "addName",
              "type": "AMAZON.SearchQuery"
            },
            {
              "name": "addModelo",
              "type": "AMAZON.SearchQuery"
            },
            {
              "name": "addCor",
              "type": "AMAZON.Color"
            },
            {
              "name": "addPlaca",
              "type": "AMAZON.SearchQuery"
            }
          ],
          "name": "CadastraIntent",
          "samples": [
            "novo automovel",
            "adcionar",
            "cadastrar novo automovel "
          ]
        }
      ],
      "types": [],
      "invocationName": "auto cadastro"
    },
    "prompts": [
      {
        "variations": [
          {
            "type": "PlainText",
            "value": "Qual o nome do proprietário do carro ?"
          }
        ],
        "id": "Elicit.Slot.1590320045599.1577872899161"
      },
      {
        "variations": [
          {
            "type": "PlainText",
            "value": "Qual o modelo do carro ?"
          }
        ],
        "id": "Elicit.Slot.1590320045599.167544577133"
      },
      {
        "variations": [
          {
            "type": "PlainText",
            "value": "Qual a cor do carro ?"
          }
        ],
        "id": "Elicit.Slot.1590320045599.1068322970679"
      },
      {
        "variations": [
          {
            "type": "PlainText",
            "value": "Qual a placa do carro ?"
          }
        ],
        "id": "Elicit.Slot.1590320045599.1358951827671"
      },
      {
        "variations": [
          {
            "type": "PlainText",
            "value": "Verifique se as seguinte infomações estão corretas {addName} , {addModelo} , {addCor} , {addPlaca}  ?"
          }
        ],
        "id": "Confirm.Intent.1590320045599"
      }
    ]
  }
}